{
  "timestamp": "2026-03-23 22:31:44",
  "ltsa": {
    "mean_eff_dim": 3.6666666666666665,
    "eff_dims_dist": [
      1,
      0,
      7,
      22
    ],
    "cell_sizes": [
      1396,
      10079,
      3317,
      2545,
      1261,
      3242,
      4608,
      2153,
      1740,
      7342,
      8565,
      5426,
      5856,
      2715,
      804,
      2481,
      3101,
      2802,
      1853,
      3892,
      1283,
      1186,
      3120,
      2269,
      903,
      3661,
      1855,
      2659,
      2879,
      4847
    ]
  },
  "coherence": {
    "mean_angle": 0.5704891579096564,
    "median_angle": 0.0,
    "coherent_fraction": 1.0
  },
  "reeb": {
    "gamma": {
      "func_name": "gamma",
      "skipped": true,
      "f_std": 0.0017860360676422715
    },
    "coord_0": {
      "func_name": "coord_0",
      "skipped": false,
      "transform": "logit",
      "n_nodes": 557,
      "n_edges": 369,
      "n_splits": 68,
      "n_merges": 75,
      "is_tree": false,
      "f_std_raw": 0.030742624774575233,
      "f_std_final": 0.12325645238161087
    }
  },
  "homology": {
    "skipped": false,
    "homology": {
      "H0": {
        "n_features": 462,
        "long_bars": 16,
        "max_persistence": 0.043872371315956116,
        "mean_persistence": 0.0063524607816424815
      },
      "H1": {
        "n_features": 191,
        "long_bars": 13,
        "max_persistence": 0.005297322757542133,
        "mean_persistence": 0.0011493079169258397
      },
      "H2": {
        "n_features": 34,
        "long_bars": 2,
        "max_persistence": 0.002091404050588608,
        "mean_persistence": 0.00039649028878878146
      }
    },
    "topology": "genus > 1 (H1=13)",
    "t2_valid": false
  },
  "null_models": {
    "shuffled": {
      "type": "shuffled",
      "mean_coherence_angle": 0.0010743661586334991,
      "coherent_fraction": 1.0,
      "dim_entropy": 0.7688576638587279,
      "mean_eff_dim": 3.6
    },
    "uniform": {
      "type": "uniform",
      "mean_coherence_angle": 0.001571619380389315,
      "coherent_fraction": 1.0,
      "dim_entropy": 0.7647544195674196,
      "mean_eff_dim": 3.0
    }
  },
  "stability": {
    "mean_ari": 0.7257656876129388,
    "std_ari": 0.04911287799270083,
    "n_restarts": 10
  },
  "foliation_score": 0.3695630596822136,
  "coords_correlation": {
    "coord_0": {
      "F": 359583.875,
      "p": 0.0
    },
    "coord_1": {
      "F": 29686.53515625,
      "p": 0.0
    },
    "coord_2": {
      "F": 602085.375,
      "p": 0.0
    },
    "coord_3": {
      "F": 12416.6611328125,
      "p": 0.0
    }
  },
  "config": {
    "n_seeds": 30,
    "n_restarts": 10,
    "homology_points": 800,
    "use_gamma_distance": false,
    "n_vectors": 99840,
    "d_manifold": 4
  }
}