{
  "timestamp": "2026-03-22 23:48:07",
  "ltsa": {
    "mean_eff_dim": 3.15,
    "eff_dims_dist": [
      0,
      1,
      15,
      4
    ],
    "cell_sizes": [
      8215,
      2852,
      11284,
      14840,
      4868,
      7091,
      12326,
      5581,
      7571,
      2121,
      1669,
      1384,
      4291,
      4470,
      9005,
      1390,
      5117,
      4069,
      7099,
      12757
    ]
  },
  "coherence": {
    "mean_angle": 0.00030239880486399024,
    "median_angle": 0.0,
    "coherent_fraction": 1.0
  },
  "reeb": {
    "gamma": {
      "func_name": "gamma",
      "skipped": true,
      "f_std": 0.003777700010687113
    },
    "mass": {
      "func_name": "mass",
      "skipped": true,
      "f_std": 0.015399212948977947
    },
    "coord_0": {
      "func_name": "coord_0",
      "skipped": true,
      "f_std": 0.029729371890425682
    }
  },
  "homology": {
    "skipped": false,
    "homology": {
      "H0": {
        "n_features": 489,
        "long_bars": 36,
        "max_persistence": 0.041796211153268814,
        "mean_persistence": 0.008251504814108367
      },
      "H1": {
        "n_features": 141,
        "long_bars": 14,
        "max_persistence": 0.011428814381361008,
        "mean_persistence": 0.001641011604517434
      },
      "H2": {
        "n_features": 17,
        "long_bars": 2,
        "max_persistence": 0.0019022077322006226,
        "mean_persistence": 0.0004673173705882886
      }
    },
    "topology": "genus > 1 (H1=14)",
    "t2_valid": false
  },
  "null_models": {
    "shuffled": {
      "type": "shuffled",
      "mean_coherence_angle": 0.0006109919628632585,
      "coherent_fraction": 1.0,
      "dim_entropy": 0.6881388137135884,
      "mean_eff_dim": 3.45
    },
    "uniform": {
      "type": "uniform",
      "mean_coherence_angle": 0.00889215981473749,
      "coherent_fraction": 1.0,
      "dim_entropy": 0.7305880613711224,
      "mean_eff_dim": 2.95
    }
  },
  "stability": {
    "mean_ari": 0.6912906005563558,
    "std_ari": 0.07119542469915836,
    "n_restarts": 8
  },
  "foliation_score": 0.348493366334413,
  "coords_correlation": {
    "coord_0": {
      "F": 266447.09375,
      "p": 0.0
    },
    "coord_1": {
      "F": 279946.15625,
      "p": 0.0
    },
    "coord_2": {
      "F": 675181.9375,
      "p": 0.0
    },
    "coord_3": {
      "F": 58675.8515625,
      "p": 0.0
    }
  },
  "config": {
    "n_seeds": 20,
    "n_restarts": 8,
    "homology_points": 800,
    "use_gamma_distance": false,
    "n_vectors": 128000,
    "d_manifold": 4
  }
}