{
  "skipped": false,
  "homology": {
    "H0": {
      "n_features": 489,
      "long_bars": 36,
      "max_persistence": 0.041796211153268814,
      "mean_persistence": 0.008251504814108367
    },
    "H1": {
      "n_features": 141,
      "long_bars": 14,
      "max_persistence": 0.011428814381361008,
      "mean_persistence": 0.001641011604517434
    },
    "H2": {
      "n_features": 17,
      "long_bars": 2,
      "max_persistence": 0.0019022077322006226,
      "mean_persistence": 0.0004673173705882886
    }
  },
  "topology": "genus > 1 (H1=14)",
  "t2_valid": false
}