{
  "timestamp": "2026-03-23 20:41:44",
  "ltsa": {
    "mean_eff_dim": 2.9,
    "eff_dims_dist": [
      0,
      3,
      27,
      0
    ],
    "cell_sizes": [
      1670,
      3675,
      5046,
      1518,
      2287,
      3950,
      8471,
      6170,
      1353,
      1882,
      1772,
      7497,
      6904,
      1955,
      1664,
      8446,
      6611,
      2574,
      1930,
      2575,
      2145,
      2137,
      2145,
      2570,
      1475,
      1150,
      2255,
      2599,
      3089,
      2325
    ]
  },
  "coherence": {
    "mean_angle": 0.15173809793584514,
    "median_angle": 0.0,
    "coherent_fraction": 1.0
  },
  "reeb": {
    "gamma": {
      "func_name": "gamma",
      "skipped": true,
      "f_std": 0.0009131880942732096
    },
    "coord_0": {
      "func_name": "coord_0",
      "skipped": true,
      "f_std": 0.04366542398929596
    }
  },
  "homology": {
    "skipped": false,
    "homology": {
      "H0": {
        "n_features": 462,
        "long_bars": 14,
        "max_persistence": 0.016768720000982285,
        "mean_persistence": 0.004193404059793127
      },
      "H1": {
        "n_features": 129,
        "long_bars": 6,
        "max_persistence": 0.00914560817182064,
        "mean_persistence": 0.0010670960173299608
      },
      "H2": {
        "n_features": 8,
        "long_bars": 1,
        "max_persistence": 0.0005216626450419426,
        "mean_persistence": 0.00018317956710234284
      }
    },
    "topology": "genus > 1 (H1=6)",
    "t2_valid": false
  },
  "null_models": {
    "shuffled": {
      "type": "shuffled",
      "mean_coherence_angle": 0.00029927283318882187,
      "coherent_fraction": 1.0,
      "dim_entropy": 0.6730116670092565,
      "mean_eff_dim": 3.6
    },
    "uniform": {
      "type": "uniform",
      "mean_coherence_angle": 0.010009709737385452,
      "coherent_fraction": 1.0,
      "dim_entropy": 1.0952733774372052,
      "mean_eff_dim": 3.033333333333333
    }
  },
  "stability": {
    "mean_ari": 0.8027423675301021,
    "std_ari": 0.04295916068017449,
    "n_restarts": 10
  },
  "foliation_score": 0.6145010509505795,
  "coords_correlation": {
    "coord_0": {
      "F": 594694.0625,
      "p": 0.0
    },
    "coord_1": {
      "F": 27693.9140625,
      "p": 0.0
    },
    "coord_2": {
      "F": 5246.3544921875,
      "p": 0.0
    },
    "coord_3": {
      "F": 252798.109375,
      "p": 0.0
    }
  },
  "config": {
    "n_seeds": 30,
    "n_restarts": 10,
    "homology_points": 800,
    "use_gamma_distance": false,
    "n_vectors": 99840,
    "d_manifold": 4
  }
}