{
  "skipped": false,
  "homology": {
    "H0": {
      "n_features": 758,
      "long_bars": 63,
      "max_persistence": 0.0182475745677948,
      "mean_persistence": 0.0043030887268395174
    },
    "H1": {
      "n_features": 324,
      "long_bars": 29,
      "max_persistence": 0.007028114050626755,
      "mean_persistence": 0.0009469629813669778
    },
    "H2": {
      "n_features": 57,
      "long_bars": 4,
      "max_persistence": 0.0017334464937448502,
      "mean_persistence": 0.00036632555553264785
    }
  },
  "topology": "genus > 1 (H1=29)",
  "t2_valid": false
}