{
  "axes_projection": {
    "seed_42": {
      "layer_0": {
        "axis_0": {
          "mean": 0.00014921258843969554,
          "std": 8.667705628795375e-07
        },
        "axis_1": {
          "mean": -0.0001031886349665001,
          "std": 7.666276360396296e-07
        }
      },
      "layer_2": {
        "axis_0": {
          "mean": 0.00014839813229627907,
          "std": 6.455899779211904e-07
        },
        "axis_1": {
          "mean": -0.00010426282824482769,
          "std": 9.111166718867025e-07
        }
      },
      "layer_3": {
        "axis_0": {
          "mean": 0.000147879560245201,
          "std": 9.866697610050323e-07
        },
        "axis_1": {
          "mean": -0.00010293466039001942,
          "std": 7.610441912220267e-07
        }
      }
    },
    "seed_123": {
      "layer_0": {
        "axis_0": {
          "mean": 0.00012201364006614313,
          "std": 5.964099614175211e-07
        },
        "axis_1": {
          "mean": 0.00013337741256691515,
          "std": 6.256922233660589e-07
        }
      },
      "layer_2": {
        "axis_0": {
          "mean": 0.00012065190821886063,
          "std": 8.335666166203737e-07
        },
        "axis_1": {
          "mean": 0.00013230103650130332,
          "std": 9.112816883316555e-07
        }
      },
      "layer_3": {
        "axis_0": {
          "mean": 0.00012153414718341082,
          "std": 1.2333243830653373e-06
        },
        "axis_1": {
          "mean": 0.00013273557124193758,
          "std": 9.508486300546792e-07
        }
      }
    },
    "seed_7": {
      "layer_0": {
        "axis_0": {
          "mean": -3.133931750198826e-05,
          "std": 4.703108515968779e-07
        },
        "axis_1": {
          "mean": -0.00017110805492848158,
          "std": 9.243925092050631e-07
        }
      },
      "layer_2": {
        "axis_0": {
          "mean": -3.132532219751738e-05,
          "std": 1.096015694201924e-06
        },
        "axis_1": {
          "mean": -0.00017111394845414907,
          "std": 1.5261177850334207e-06
        }
      },
      "layer_3": {
        "axis_0": {
          "mean": -3.146562085021287e-05,
          "std": 9.982143183151493e-07
        },
        "axis_1": {
          "mean": -0.00017205682524945587,
          "std": 1.4297493180492893e-06
        }
      }
    }
  },
  "axis_statistics": {
    "seed_42": {
      "layer_0": {
        "norms": [
          0.00035643219598568976,
          0.00031571154249832034
        ],
        "variance": [
          2.58846655047662e-13,
          1.1217536502548114e-13
        ],
        "cosine_matrix": [
          [
            1.0,
            -0.37624868750572205
          ],
          [
            -0.37624868750572205,
            1.0
          ]
        ]
      },
      "layer_2": {
        "norms": [
          0.00035599892726168036,
          0.0003151543496642262
        ],
        "variance": [
          3.09862622756632e-13,
          1.310443452969684e-13
        ],
        "cosine_matrix": [
          [
            1.0000001192092896,
            -0.37753212451934814
          ],
          [
            -0.37753212451934814,
            0.9999998807907104
          ]
        ]
      },
      "layer_3": {
        "norms": [
          0.0003557021846063435,
          0.00031483444035984576
        ],
        "variance": [
          4.0949275220691916e-13,
          2.348050410789365e-13
        ],
        "cosine_matrix": [
          [
            1.0,
            -0.37617573142051697
          ],
          [
            -0.37617573142051697,
            1.0
          ]
        ]
      }
    },
    "seed_123": {
      "layer_0": {
        "norms": [
          0.00025451541296206415,
          0.00020395284809637815
        ],
        "variance": [
          1.1564192528915052e-13,
          7.573104063339844e-14
        ],
        "cosine_matrix": [
          [
            1.0000001192092896,
            0.4568697214126587
          ],
          [
            0.4568697214126587,
            1.0000001192092896
          ]
        ]
      },
      "layer_2": {
        "norms": [
          0.0002538143307901919,
          0.00020312456763349473
        ],
        "variance": [
          2.4108959186669443e-13,
          1.6568705771529552e-13
        ],
        "cosine_matrix": [
          [
            1.0000001192092896,
            0.4569081664085388
          ],
          [
            0.4569081664085388,
            1.0
          ]
        ]
      },
      "layer_3": {
        "norms": [
          0.00025391625240445137,
          0.00020309393585193902
        ],
        "variance": [
          3.9896273676225114e-13,
          2.0454738434722702e-13
        ],
        "cosine_matrix": [
          [
            1.0,
            0.4554113745689392
          ],
          [
            0.4554113745689392,
            1.0
          ]
        ]
      }
    },
    "seed_7": {
      "layer_0": {
        "norms": [
          0.00031364153255708516,
          0.0002741958014667034
        ],
        "variance": [
          1.4776228201077157e-13,
          1.267232033284188e-13
        ],
        "cosine_matrix": [
          [
            1.0,
            -0.17081356048583984
          ],
          [
            -0.17081356048583984,
            1.0
          ]
        ]
      },
      "layer_2": {
        "norms": [
          0.00031328306067734957,
          0.00027399585815146565
        ],
        "variance": [
          3.8056856927967675e-13,
          4.159122319550429e-13
        ],
        "cosine_matrix": [
          [
            0.9999998807907104,
            -0.17182666063308716
          ],
          [
            -0.17182666063308716,
            1.0
          ]
        ]
      },
      "layer_3": {
        "norms": [
          0.0003147951792925596,
          0.00027500258875079453
        ],
        "variance": [
          2.4504164431067565e-13,
          2.922033275065683e-13
        ],
        "cosine_matrix": [
          [
            1.0,
            -0.17044216394424438
          ],
          [
            -0.17044216394424438,
            1.0
          ]
        ]
      }
    }
  },
  "semantic_separation": {
    "seed_42": {
      "mean_heads": {
        "U_real": {
          "silhouette": -0.03994372487068176,
          "separation_ratio": 1.0590959787368774,
          "per_axis": [
            {
              "axis": 0,
              "separation": 6.17059413343668e-07,
              "pair": "unsafe-factual"
            },
            {
              "axis": 1,
              "separation": 3.6565324990078807e-07,
              "pair": "unsafe-factual"
            }
          ]
        },
        "U_zero": {
          "silhouette": -0.03994372487068176,
          "separation_ratio": 1.0590959787368774,
          "per_axis": [
            {
              "axis": 0,
              "separation": 0.0,
              "pair": ""
            },
            {
              "axis": 1,
              "separation": 0.0,
              "pair": ""
            }
          ]
        },
        "U_random": {
          "silhouette": -0.03994372487068176,
          "separation_ratio": 1.0590959787368774,
          "per_axis": [
            {
              "axis": 0,
              "separation": 0.7954556941986084,
              "pair": "safe-unsafe"
            },
            {
              "axis": 1,
              "separation": 0.1904447376728058,
              "pair": "unsafe-hallucination"
            }
          ]
        }
      },
      "best_head": {
        "head_idx": 0,
        "U_real": {
          "silhouette": -0.0480983667075634,
          "separation_ratio": 1.0622031688690186,
          "per_axis": [
            {
              "axis": 0,
              "separation": 8.841743692755699e-07,
              "pair": "unsafe-factual"
            },
            {
              "axis": 1,
              "separation": 6.516347639262676e-07,